Workbook

Sheet Ana_Veri_Seti
A1: DİJİTAL REKLAM BÜTÇESİ OPTİMİZASYONU — VERİ SETİ (Ocak 2024 – Aralık 2025, Aylık)
A2: Dönem | B2: 📈 SATIŞ VERİLERİ | C2: 💰 REKLAM HARCAMALARI (TL) | I2: 📊 TOPLAM & VERİMLİLİK | K2: 🔧 KONTROL DEĞİŞKENLERİ
A3: Ay | B3: Ciro (TL) | C3: Google Ads (TL) | D3: Meta / Instagram (TL) | E3: YouTube (TL) | F3: Pazaryeri (TL) | G3: Influencer (TL) | H3: Twitter/X (TL) | I3: Toplam Harcama (TL) | J3: ROAS | K3: Kampanya Dönemi | L3: Fiyat Endeksi | M3: Stok Yok | N3: Mevsimsellik
A4: 2024-01 | B4: 519231 | C4: 65039 | D4: 51700 | E4: 27088 | F4: 41606 | G4: 24411 | H4: 12067 | I4: 221911 | J4: 2.34 | K4: 0 | L4: 101 | M4: 0 | N4: 0.8
A5: 2024-02 | B5: 416937 | C5: 67906 | D5: 55604 | E5: 31608 | F5: 44362 | G5: 21389 | H5: 14466 | I5: 235335 | J5: 1.77 | K5: 0 | L5: 101.7 | M5: 0 | N5: 0.78
A6: 2024-03 | B6: 508145 | C6: 67594 | D6: 58579 | E6: 35204 | F6: 49302 | G6: 26640 | H6: 14931 | I6: 252250 | J6: 2.01 | K6: 0 | L6: 105.2 | M6: 0 | N6: 0.85
A7: 2024-04 | B7: 572894 | C7: 82397 | D7: 58014 | E7: 45061 | F7: 48802 | G7: 29103 | H7: 18095 | I7: 281472 | J7: 2.04 | K7: 0 | L7: 108.9 | M7: 0 | N7: 0.9
A8: 2024-05 | B8: 608312 | C8: 81549 | D8: 67403 | E8: 39693 | F8: 63704 | G8: 28097 | H8: 16991 | I8: 297437 | J8: 2.05 | K8: 0 | L8: 107.4 | M8: 0 | N8: 0.95
A9: 2024-06 | B9: 875929 | C9: 137315 | D9: 105590 | E9: 59289 | F9: 90849 | G9: 47038 | H9: 27165 | I9: 467246 | J9: 1.87 | K9: 1 | L9: 109.3 | M9: 0 | N9: 1.1
A10: 2024-07 | B10: 687603 | C10: 101540 | D10: 81341 | E10: 50061 | F10: 62447 | G10: 37825 | H10: 23503 | I10: 356717 | J10: 1.93 | K10: 0 | L10: 114.9 | M10: 1 | N10: 1.15
A11: 2024-08 | B11: 1001998 | C11: 160658 | D11: 124830 | E11: 66225 | F11: 92613 | G11: 47708 | H11: 33815 | I11: 525849 | J11: 1.91 | K11: 1 | L11: 115.2 | M11: 0 | N11: 1.2
A12: 2024-09 | B12: 661493 | C12: 100007 | D12: 60514 | E12: 51420 | F12: 59729 | G12: 36346 | H12: 19165 | I12: 327181 | J12: 2.02 | K12: 0 | L12: 114.7 | M12: 0 | N12: 1.05
A13: 2024-10 | B13: 679061 | C13: 88464 | D13: 78761 | E13: 48214 | F13: 66470 | G13: 35639 | H13: 19918 | I13: 337466 | J13: 2.01 | K13: 0 | L13: 118.7 | M13: 0 | N13: 1
A14: 2024-11 | B14: 1124377 | C14: 175014 | D14: 113250 | E14: 83517 | F14: 120145 | G14: 64064 | H14: 31795 | I14: 587785 | J14: 1.91 | K14: 1 | L14: 118.6 | M14: 0 | N14: 1.25
A15: 2024-12 | B15: 1286991 | C15: 174723 | D15: 139844 | E15: 82311 | F15: 120980 | G15: 70042 | H15: 38266 | I15: 626166 | J15: 2.06 | K15: 1 | L15: 120.6 | M15: 0 | N15: 1.45
... A27: 2025-12 | B27: 1516046 | C27: 247822 | D27: 171336 | E27: 113995 | F27: 150021 | G27: 89903 | H27: 51431 | I27: 824508 | J27: 1.84 | K27: 1 | L27: 142.2 | M27: 0 | N27: 1.5
A28: TOPLAM / ORT. | B28: =SUM(B4:B27) | C28: =SUM(C4:C27) | D28: =SUM(D4:D27) | E28: =SUM(E4:E27) | F28: =SUM(F4:F27) | G28: =SUM(G4:G27) | H28: =SUM(H4:H27) | I28: =SUM(I4:I27) | J28: =AVERAGE(J4:J27) | K28: =SUM(K4:K27) | L28: =AVERAGE(L4:L27) | M28: =SUM(M4:M27) | N28: =AVERAGE(N4:N27)

Sheet Kanal_Ozet
A1: KANAL BAZLI PERFORMANS ÖZETİ (24 Aylık)
A2: Reklam Kanalı | B2: Toplam Harcama (TL) | C2: Harcama Payı (%) | D2: Beta Katsayısı (MMM) | E2: Adstock Decay Rate | F2: Min. Aylık Bütçe (TL) | G2: Maks. Aylık Bütçe (TL) | H2: Notlar
A3: Google Ads | B3: =SUM(Ana_Veri_Seti!C4:C27) | C3: =B3/SUM(B3:B8) | D3: 4.8 | E3: 0.6 | F3: 50000 | G3: 200000 | H3: Arama & Display - En yüksek dönüşüm
A4: Meta / Instagram | B4: =SUM(Ana_Veri_Seti!D4:D27) | C4: =B4/SUM(B3:B8) | D4: 3.9 | E4: 0.5 | F4: 40000 | G4: 160000 | H4: Görsel & video - Yüksek erişim
A5: YouTube | B5: =SUM(Ana_Veri_Seti!E4:E27) | C5: =B5/SUM(B3:B8) | D5: 3.2 | E5: 0.7 | F5: 25000 | G5: 120000 | H5: Video - Uzun vadeli marka etkisi (yüksek decay)
A6: Pazaryeri Reklamları | B6: =SUM(Ana_Veri_Seti!F4:F27) | C6: =B6/SUM(B3:B8) | D6: 5.1 | E6: 0.4 | F6: 35000 | G6: 180000 | H6: En yüksek doğrudan satış katkısı
A7: Influencer Marketing | B7: =SUM(Ana_Veri_Seti!G4:G27) | C7: =B7/SUM(B3:B8) | D7: 2.7 | E7: 0.3 | F7: 20000 | G7: 100000 | H7: Anlık etki - düşük gecikmeli etki
A8: Twitter / X Ads | B8: =SUM(Ana_Veri_Seti!H4:H27) | C8: =B8/SUM(B3:B8) | D8: 1.8 | E8: 0.4 | F8: 10000 | G8: 60000 | H8: Düşük hacim, niş kitle hedefleme

Sheet Degisken_Aciklamalari
A1: DEĞİŞKEN AÇIKLAMALARI VE NOTLAR
A2: Değişken Adı | B2: Tür | C2: Açıklama | D2: Notlar / Kaynak
A3: Ay | B3: Zaman | C3: Analiz dönemi (YYYY-AA) | D3: Ocak 2024 - Aralık 2025, aylık frekans, n=24
A4: Ciro_TL | B4: Bağımlı Değişken | C4: Aylık toplam satış cirosu (TL) | D4: Ana hedef değişken — MMM modelinde Y
A5: Google_Ads_Harcama_TL | B5: Bağımsız Değişken | C5: Google Ads aylık harcaması (TL) | D5: Arama + Display + Shopping kampanyaları
A6: Meta_Harcama_TL | B6: Bağımsız Değişken | C6: Meta (FB & Instagram) harcaması (TL) | D6: Feed, Story, Reels reklamları dahil
A7: YouTube_Harcama_TL | B7: Bağımsız Değişken | C7: YouTube video reklam harcaması (TL) | D7: TrueView + Bumper Ads — yüksek adstock decay
A8: Pazaryeri_Harcama_TL | B8: Bağımsız Değişken | C8: Trendyol/Hepsiburada reklam harcaması (TL) | D8: En yüksek beta katsayısı: 5.1
A9: Influencer_Harcama_TL | B9: Bağımsız Değişken | C9: Influencer işbirlikleri aylık harcaması (TL) | D9: Makro + mikro influencer ödemeleri
A10: Twitter_X_Harcama_TL | B10: Bağımsız Değişken | C10: Twitter/X reklam harcaması (TL) | D10: Promoted Tweets & Trend Takeover
A11: Toplam_Reklam_Harcamasi_TL | B11: Türetilmiş | C11: 6 kanalın toplam aylık harcaması (TL) | D11: Bütçe kısıt değişkeni (B) olarak kullanılır
A12: ROAS | B12: Performans Metriği | C12: Return on Ad Spend = Ciro / Toplam Harcama | D12: 2.0 altı → bütçe verimsiz, 3.0 üstü → ideal
A13: Kampanya_Donemi | B13: Kontrol Değişkeni (Binary) | C13: Büyük kampanya ayı (1=Var, 0=Yok) | D13: Yaz indirimi, Black Friday, Yılbaşı kampanyaları
... A16: Mevsimsellik_Indeksi | B16: Kontrol Değişkeni (Sürekli) | C16: Mevsimsel talep çarpanı (1.0 = normal talep) | D16: Aralık: ~1.45-1.50 | Şubat: ~0.78
